,tweets,sentiment
0,free 300 gh cloud mining at gominer instant witdraw,positive
1,this is it bottom is in time to long btc,positive
2,remember when you could have bought btc lt8000you must feel stupid nowposting this so i can retweet later,positive
3,price changes last hourxst 1802pal 1021blt 641pma 3320bloc 983gup 816,neutral
4,status update tracking 528  wallets 1396 addresses with a current balance of 13874k btc  110b usd,neutral
5,1   quotes792806793637 793650794060 0131254,neutral
6,top 5   alert time 20191020 100057 7984219 172343 0291,positive
7,how would you like to make 22000 weekly trading forexbinary options with just a little investment capital of 1,neutral
8,request your free crypto ira kit today,positive
9,btc hourly update795868        00048btc,neutral
10,yes even  hodlers can lose money in the longterm heres how,negative
11,a very easy way to earn money do you want to get free bitcoin discover the magic,positive
12,oct 20 2019 065900 utc  795100  711820  612510    btc,neutral
13,claims  is positioned for a dip towards 2000btc,neutral
14,top 100 avg 24h return 0440 44 up 56 downbtc 01  eth 11best249 zen 149 tnt,neutral
15,oct 20 2019 1200am  priceusd 801773  eur 713741  jpy 86369244,neutral
16,earn free bitcoin with this easy strategy,positive
17,phone scammer bilks delta newcomer of thousands of dollars worth of bitcoins,negative
18,top12 mostmentioned  this hour1 2 3 4 5 6 7,neutral
19,one bitcoin now worth 793280 high 8096760 low 7874680 market cap 142804 billion,neutral
20,one bitcoin now worth 7950982 market cap 143135 billion based on  bpi,neutral
21,now shilling     btc xcp,positive
22,1000 bitcoin  79365079,neutral
23,the bitcoin btc price is currently 798693 usd or 715041 eurits the number  cryptocurrency on the earth wi,neutral
24,you suffer    but why  bitcoin just hit 795098 time to remotely toggle your rig at home,positive
25,okex says bitcoins latest struggles shouldnt worry investorswhile bitcoins drop below 8000 caused a stir in,positive
26,will the use of research in the natural sciences increase or decrease transaction times for,neutral
27,agsd amp 10xbittrader                      trade of the week  btc 10x conditional leverage trade  trade,neutral
28,metagather help us grow and get rewarded,neutral
29,controllable anonymity  they see you but you cant see them a powerful reminder of the difference between,positive
30,who tf on ct in the spirit of crypto is going to share teeka tiwaris 5 crypto picks he says are going to the moo,neutral
31,and from mathematics satoshi written the  code,positive
32,prices update in eur 1 hourbtc    71063   02  eth    15327   02  xrp    026     0,neutral
33,prices update in usdt 1 hourbtc  793216  026 eth  17089   027 xrp  029     014,neutral
34,prices update in usd 1 hourbtc    79395     031 eth    17109     029 xrp    029,neutral
35,prices update in usdt 1 hourbtc  793588       026 eth  17087        018 xrp  029,neutral
36,as of october 19 2019 at 0156am 1 eth  17105 usd,neutral
37,wow well said its because people dont generally think of governments failing but its coming,positive
38,telegram calls february hearings a positive step in letter to investors,positive
39,iam platform curated tweetbittrex cryptocurrency exchange shutting down in 31 countries  beincrypto,negative
40,how long will it take how much will it cost for someone unbanked living in zimbabwe to send 000001 to someone u,positive
41,agile delivery manager  health education england nhs,neutral
42,top 5   alert time 20191020 095002 7979799 172212 0290,neutral
43,grande vegas casino  new 25 free spins gemtopia for depositors past 15 days or 50 free spins signup bonus,neutral
44,sha keeps pushing   app released  200 mln sha for get your  on  vet,neutral
45,i really like this company an extraordinary attitude is a great project,positive
46,daily throwback on kijun in weekly uptrend using ichimoku kinko hyo,positive
47,bots caused 179 increase in xrp fud    via,neutral
48,free 300 gh cloud mining at gominer instant witdraw,positive
49,are you planning to sell your old car try selling your car on  and find buyers who are will,positive
50,want free  every few minutes get honeyminer now get 1000  for free and start  mining on your,positive
51,alipay denounces bitcoin otc trading regulatory gray area in china,negative
52,18 million of the 21 million  have now been mined  blockchain hits 600000 blocks,neutral
53,follow me on rich men findom website          via,neutral
54,what is the opposite to moon,neutral
55,playing with fire btc btcusd,neutral
56,iam platform curated tweetbittrex cryptocurrency exchange shutting down in 31 countries  beincrypto,negative
57,mkt cap last houreth 7474mxlm 1961matom 1897mbtc 44714mmkr 9950mxrp 7695m,neutral
58,nl i miss the zero option i havent lost anything  i only have  that i purchased early 2017,positive
59,consensus algorithms blockchain technology and bitcoin ucl  by andreas m antonopoulos,neutral
60,top 5   alert time 20191020 094002 7977988 172081 0290,neutral
61,ethereum price weekly forecast eth trading near crucial juncture,positive
62,collection of the price data on different exchanges allows swapzilla users to maketransactions at the most favorab,positive
63,this is a very good project many prominent investors are glancing at the project and they will be contributing to,positive
64,did i just get scammed reddit  i did trade on local and sent 170 but payment said its on hol,negative
65,the elite  to cheat when it comes to bitcoin and bakkt,negative
66,nestalgia archives  my talk at occupy london  the grass roots movements that led to  near the squat in ol,positive
67,and we all have the same 1440 minutes rich or poor we all have the same 24 hours to improve ourselves and become,positive
68,the hardware bitcoin wallet get trezor now for only 89 eur    02,positive
69,long   against the current sentiment  more details on the link below,positive
70,dont believe in putting all my eggs in one basket but im heavily invested in bitcoin nano is my wildcard play h,positive
71,well done  a good watchbeyond amp  did a splendid job representing the bsv side o,positive
72,pleasure talking with you its never too late for,neutral
73,with  you can take the power back over the only thing your government cares about  money,positive
74,the project offers important advantages where are flexibility reliability and costeffectivenesscheck out their w,positive
75,bitcoin is the asset that keeps on giving  it gives security gives opportunity and it gives freedom among other,positive
76,coinpleasecrying,neutral
77,btc price weekly forecast vulnerable below 8k82k newsbtc there was a steady decline in,negative
78,solid corporation on the way,positive
79,how to trade crypto in person safely,positive
80,go   i thought they werent trackable but they catch   how a bitcoin trail helped bust a graphi,negative
81,buy bitcoin with paypal also with cc paysafecard skrill okpay    02,positive
82,hello humans as of sun oct 20 013013 cdt 2019 current  prices is 79757514 is 678,neutral
83,oct 20 2019 062900 utc  793620  710500  611370    btc,neutral
84,top 5   alert time 20191020 093004 7975472 172082 0290,neutral
85,earns  287k worth of  in 3 days,positive
86,one bitcoin now worth 7936178 market cap 142868 billion based on  bpi,neutral
87,one bitcoin now worth 792258 high 8096760 low 7874680 market cap 142624 billion,neutral
88,guarium airdrop campain,neutral
89,excellent team and ico orionix really like the organization a good team which fulfills the goals set before them,positive
90,lightnite a bitcoinintegrated battle royale game new game from   lightnite is a  integrated batt,neutral
91,can you please help me32yyexcaqrxbkmvsdp9ymib64wjfb8gube,neutral
92,inside info peter bought  at 20k and sold at 3200 bam,neutral
93,i think this is one of the best projects for investing now hurry to join,positive
94,this project is very promising and i hope it will be useful for many people in the near future i wish you best on,positive
95,s9 hash board from infinite skies llc replacement part for s9  usa seller,neutral
96,antrouter r1  litcoin miner,neutral
97,bitmain antminer s9 bitcoin miner 135th,neutral
98,100 siacoin sia coin alternative cryptocurrency mining contract  alt coin,neutral
99,50 electroneum etn coin alternative cryptocurrency mining contract  alt coin,neutral
100,wheel south for a while,neutral
101,does this chart say a recession will not happen,neutral
102,has an inherent problems that surely hinders wide adoptionthread covers timedecay ra,negative
103,free 300 ghwitdraw,neutral
104,in the sky with diamonds,positive
105,41price 7923385,neutral
106,mining at gominer instant witdraw,neutral
107,getting to know more about  at  and cryptocurrency in general,positive
108,sell gold and buy,positive
109,value in the next 1 days should be about  799041 gain 6384 gain percentage 081  curren,neutral
110,bitcoiners be like   crypto derivatives with the best perpetual contracts,positive
111,and  on developing global   in emerging markets,positive
112,sign in with  new   tool goes,positive
113,slotastic casino  new 33 free spin coupon for new  slot or 66 spins with deposit or 200,neutral
114,as someone once said if voting changed anything it would be illegal  make your voice heard opt out of their,positive
115,partnership building up   day by day real world use case adoptions not far away,positive
116,alert financeadvisory  outside project  proven scam signals detected beware,negative
117,20 october 2019 betting tips,neutral
118,livestreaming with  adds more benefits to the podcasting teachers can deliver the lecture when they are,positive
119,if you are one of the people on this planet that understands the history of   and the   you can,positive
120,83 year old man dies as he could not get his own money from the bank that just closed down in india,positive
121,bitcoin block,neutral
122,twitter peepsim n,neutral
123,this project will bring enormous achievement to all participants weather be it an investor or a worker,positive
124,the swapzilla is quite innovative and unique as there are new modalities set up by the team to ensure that the port,positive
125,did i lose my money reddit  before i get slammed for being an idiot  im extremely new to this and t,negative
126,congratulations jegoformalnosc for making 307 eth profit and made it to rank    try your luck todayvisit,neutral
127,order your secure and smart btcethaltcoin hardware wallet  only 9480 eur,positive
128,top 5   alert time 20191020 092002 7970968 171816 0290,negative
129,eth keeps getting better and better,positive
130,prices update in usd 1 hourbtc  79199   006 eth  17045   026 xrp  029     027,neutral
131,swzl token a great project which requires a field of blockchain technology the innovative project begins its parti,positive
132,20 october 2019 betting tips,neutral
133,really cool project super all my friends ask me about you and i happily share information with them,positive
134,so a large chunk of syria was agreed part of usa told you so all in it together,positive
135,hypothetical scenario what would you do to have no regrets by 2025 reddit  you have 1btc 12k saving,positive
136,have a big and friendly communtiny join us on your lovely socail media and stay tuned for all updates,positive
137,theft carried out for 3 years via infected it security firm  discovered the bre,negative
138,it is 7921 what will be the next trend,neutral
139,bitcoin cash bch current price213471 hour 003   24 hours 068   7 days 566   cash,neutral
140,happy 600k blocks  we are proud of you,positive
141,buy your  here,positive
142,whether the price goes up or down  makes sure youre dollar cost averaging anytime you make a purchase n,positive
143,former ibm google russia exec joins blockchain firm credits as cbo,positive
144,i received my first pennys worth of btc 6 years ago as a broke college freshman i didnt have the money to invest,positive
145,btc  price 796988 100000btc 1h 005  1d 001  7d 461    24h volume 14054106242,neutral
146,blockchain secrets october 20 2019 at 0915am,neutral
147,still confused on whether taking a loan using your crypto is worth it dont worry any more,positive
148,dyor but imo a sharp drop would finish this mimic nicelybefore a face melting pump would be dope who knows,positive
149,3m left stack up  btc,positive
150,what did i miss why is everyone in  twitter bearish all of a sudden,negative
151,free 300 gh cloud mining at gominer instant witdraw,neutral
152,why everyone missed the most important invention in the last 500 years,positive
153,many countries have cautioned on rushing into  currencies says sitharamanlivemint,positive
154,overclocking s9 177th at a power consumption of 1600watts new firmware version 51 from,positive
155,okay so it seems to get more serious in chile by the hourthis is fucking scary since i have a lot of friends the,positive
156,brazil has only 40  full nodes and i own 2 of them reddit  i have to say after visiting this we,positive
157,climate alarmists fraud exposed        btc goldread,neutral
158,does the springboks have the right ammunition to end the japanese fairytale dont miss the action today at 1215pm,positive
159,cointracking market leader crypto performance tracking and tax reportingget 10 discount on account upgrades,neutral
160,1 btc price bitstamp 791562 usd coinbase  usd   20191020 0210,neutral
161,we are committed to helping crypto trading beginners understand the basics so theyre never at a disadvantage  ev,positive
162,bitcoin btc current price7973051 hour 001   24 hours 003   7 days 457,neutral
163,top 5   alert time 20191020 091002 7973036 171921 0289,neutral
164,deco diamonds slot microgaming is ringing in the new year with a gemfilled new game developed by just for the win,neutral
165,as bitcoin price nears 50 drop analyst foresees deeper correction for ethereum,negative
166,just remember that dolar is losing value overtime,positive
167,btc 796940 down 363 005 in the last hour,negative
168,interesting povwhy do we need what is so problematic with todays financial institutions,positive
169,layer1 on the plains of west texas may become largest bitcoin mining operation in the world via rbitcoin,positive
170,freestyle rap including crypto in it starts at 220 reddit     submitted by    uiiamii  link,neutral
171,you would not believe the fires that was lit in detroit michigan on oct18192019,positive
172,join uswhatsapp 2348103663020,neutral
173,analyst    unbelievable the ba,neutral
174,i like this project good choice for invest,positive
175,coinpleasecrying,neutral
176,this project significantly expands the byoundaries of the familiar virtual reality on this platform the world for,positive
177,weekly  zoom out logarithmic chart  for bitstampbtcusd by mattchimoku,neutral
178,i introduce you new  project that will make success soon  swzl its blockchain project developed by profession,positive
179,excellent company the swzl is mined not by  hashing but by solving questions from which scores can,positive
180,790957price change 1hour 010  1day 033  1week 50310202019 705 amrealtime  p,neutral
181,good blog post here explains lns direction and possibilities reddit     submitted by    uvroomdotcl,positive
182,an opportunity you cant miss get ready for the  token sale on  token salest,positive
183,the kappi algorithm is scalable and can be used for proof of stake public blockchains,neutral
184,the current price of 1 bitcoin is 7952  7119  6126  56314the current price of 001 btc or 1000000 sats,neutral
185,a great project for a long term investment good luck join now,positive
186,intertops casino  50 free spins for new accounts or new 150  50 spins exclusive october bonus,neutral
187,yesss  celebrates 4 years online,neutral
188,hodium  how to become a representative,neutral
189,get up it is sunday with great value betsjoin  amp get your 5 btc bonuscheck it outfa,positive
190,bitcoin price surges 40 per cent to hit golden cross as cryptocurrency experts predict value will double,positive
191,as          for,neutral
192,price changes last hourhydro 1244bloc 1105xmy 994npxs 3337xdn 1255xst 6,neutral
193,the irony is while all his clients got absolutely annihilated by listening to him about bitcoin for a deca,negative
194,1   quotes791438791972 791512791770 460332,neutral
195,s  from   could  a,neutral
196,price weekly forecast vulnerable below 8k82k  there was a steady decline in,negative
197,a new post former ibm google russia exec joins blockchain firm credits as cbo is added on,positive
198,haven  as,neutral
199,btc hourly update792057        00028btc,neutral
200,a very easy way to earn money do you want to get free bitcoin discover the magic,positive
201,if it seems too good to be true it probably is i am bearis,negative
202,another way to  for youbuy and hold  today buying and holding  is a good way to make mon,positive
203,earn free bitcoin with this easy strategy,positive
204,oct 20 2019 055900 utc  793130  710060  611000    btc,neutral
205,oct 19 2019 1100pm  priceusd 801432  eur 713842  jpy 86373843,neutral
206,0900 bitcoin  79365079,neutral
207,top12 mostmentioned  this hour1 2 3 4 5 6 7,neutral
208,btc 79707089 001eth 1719810 127waves 07972 017xtz,neutral
209,one bitcoin now worth 7931305 market cap 142780 billion based on  bpi,neutral
210,the bitcoin btc price is currently 797071 usd or 713588 eurits the number  cryptocurrency on the earth wi,neutral
211,you suffer    but why  bitcoin just hit 793131 time to remotely toggle your rig at home,positive
212,bitcoin  btcprice 796919change in 1h 007market cap 14346246910300ranking 1,neutral
213,guaranteed,positive
214,get up it is sunday with great value betsjoin  amp get your 5 btc bonuscheck it outfa,positive
215,peter thiel was one of the earlier investors in now he is investing in  companies which will hel,positive
216,prices update in eur 1 hourbtc    70923   004 eth    15296   009 xrp    026     0,neutral
217,prices update in usd 1 hourbtc    79152     015 eth    1706      004 xrp    029,neutral
218,prices update in usdt 1 hourbtc  791125  007 eth  17043   006 xrp  029     069,neutral
219,prices update in usdt 1 hourbtc  791521        005 eth  17056         005 xrp  029,neutral
220,the latest the bitcoin profits daily,positive
221,free 300 gh cloud mining at gominer instant witdraw,negative
222,in any investment you expect to have fun and make money,positive
223,as  price nears 50 drop analyst foresees deeper correction for read here,negative
224,i am very bearish on the us dollar stock market and world economy i am very bullish on b,positive
225,as of october 19 2019 at 1253am 1 btc  79063198 usd,neutral
226,will cease operations in venezuela and 30 other countries including afghanistan egypt bosnia and h,negative
227,how financial institutions react about bitcoin price,neutral
228,i did not see the project more interesting on the internet i watch with  interest the development of affairs i be,positive
229,moneros breach from falling wedge could trigger a rise,positive
230,top 5   alert time 20191020 085003 7971335 171946 0290,neutral
231,weekly  zoom out algorithmic chart  for bitstampbtcusd by mattchimoku,neutral
232,bittrex international halts service in venezuela and 30 more countries,negative
233,singapores best cryptocurrency exhanges,positive
234,join the hawk school event and earn 20 tokens free do fast,positive
235,eth getting all the attention while btc be slumpin hard,negative
236,time is precious and so is precious metal,positive
237,lets get some cnb token from refferal programa level 1  1000 cnbb level 2    500 cnbc level 3    250 cnb,neutral
238,praise  another 10  blocks have been found be thankful for every block block  600170 hash 0000,neutral
239,is for,neutral
240,updating your favourite coinswe selected top 60 coinsgood performance amp top form on sundayhave a good sun,positive
241,hawk bounty will boom in crypto currency,neutral
242,free 300 gh cloud mining at gominer instant witdraw,neutral
243,i am glad to see honest information on the project despite all difficulties which have affected team it is clear t,positive
244,i enjoy educating people on crypto because i believe it is the future although there are a l,positive
245,3 people gets 3000 doge rulesretweet and like this tweetf,neutral
246,mkt cap last hourxrp 76311meth 27857mbsv 7235mbtc 28764mlsk 827925kmkr 82191,neutral
247,top 5   alert time 20191020 084002 7977222 172062 0290,neutral
248,personally i am more worried about the endless printing of fiat money overvalued stock marke,positive
249,41price 7922685,neutral
250,guys this is of the fascinating platform join participate in  campaign today and benefi,positive
251,enjoying the hawk network school event its a very amazing project,positive
252,bitcoin  banking the unbanked  classic ta  part 6,positive
253,when you are trading you should take things seriously you are not in the market for the sake of being in the mark,negative
254,ltc 100 bounceis  teaming up to have a 100 bounce the chart is teaming up for that to be a very real pos,positive
255,lets trade hereanother one good exchange market,positive
256,htc launches smartphone with bitcoin full node capabilities  the block,positive
257,i dont think anyone has to pray for a recession if we are not already in a recession i,neutral
258,thanks mrs lucy for the photo yet again another payout all you need to do is invest to harvest dm for info,positive
259,the hardware bitcoin wallet get trezor now for only 89 eur    01,neutral
260,these 3 sidechains hold 9661 bitcoins,neutral
261,free 300 gh cloud mining at gominer instant witdraw,neutral
262,maybe its the future,positive
263,binance 4h btcusdt791930 rsi3770 stochrsi49916439 macd63846947 sma21797383 sma5081428,neutral
264,bitcoinpleasecrying,neutral
265,i am also short on the stock market and long on bitcoin and metal pay with a finite maximum supply,positive
266,is the company that is going to turn your little world into crypto,positive
267,xfab agrega nvm a su plataforma bcdonsoi de 180 nm,neutral
268,rather than going to the bank and exchanging their money with loca,neutral
269,a very interesting idea im sure it will be in great demand i am sure that everything will work out as the projec,positive
270,buy bitcoin with paypal also with cc paysafecard skrill okpay    01,positive
271,hello humans as of sun oct 20 003014 cdt 2019 current  prices is 7976571 is 6782,neutral
272,oct 20 2019 053000 utc  794160  710990  611790    btc,neutral
273,happiness is seeing  price rising,positive
274,steph curry and dangelo russell score 61 points in warriors win vs lakers  2019 nba hi,neutral
275,p diddy feat nelly amp murphy lee  shake ya tailfeather official music video,neutral
276,in my opinion  with a maximum supply of 66588888 mtl only is the  of the f,neutral
277,top 5   alert time 20191020 083004 7973921 171958 0289,neutral
278,one bitcoin now worth 792512 high 8096760 low 7874680 market cap 142669 billion,neutral
279,one bitcoin now worth 7939282 market cap 142924 billion based on  bpi,neutral
280,free 300 gh cloud mining at gominer instant witdraw,neutral
281,grande vegas casino  new 25 daily free spins coupon for depositors or 50 free spin signup,neutral
282,please give me32yyexcaqrxbkmvsdp9ymib64wjfb8gube,neutral
283,bitcoin btc price weekly forecast vulnerable below 8k82k  newsbtc,negative
284,if a recession has not already started i project it will within 12 months i am very bullish and long on bitco,positive
285,price weekly forecast vulnerable below 8k82k      btc,negative
286,mining cheap new best free bitcoin mining site daily best earning dont miss click the link below amp get free bounc,positive
287,as bitcoin price nears 50 drop analyst foresees deeper correction for ethereum,negative
288,model that predicted bitcoin price drop to 8000 bears are done,positive
289,bitcoin btc price weekly forecast vulnerable below 8k82k,negative
290,okex says bitcoins latest struggles shouldnt worry investors       exchanges,positive
291,cant believe im saying this but im longing into sunday here  4h obv reaching higher with price stagnant and 1d,positive
292,swapzilla  value is based on precious physical metals swapzilla  is backed by gold silver palladium and platinu,positive
293,fiat money printing seems never ending i am short on the us dollar and stock markets and very bul,positive
294,guys posting fud about btc in here to uplift the mood and confuse the,neutral
295,has only 40 bitcoin full nodes and i own 2 of them,neutral
296,btc is 7926 what is your prediction,neutral
297,make 10000 every week from bitcoin investment bitcoin is fast rising and this is your opportunity to make it and,positive
298,the total value locked in defioctober 20 2019,neutral
299,its 100 real and free to invest what you have to get triple of your invested income weeklydm me for more info,positive
300,earn money with from this game register now,neutral
301,check out our latest news episodehow much bitcoins do exchanges own fake tor browser stealing bitcoin kik mess,positive
302,me in 60 years  click now to join the elixium trading group,positive
303,orbit if the recession has not already started i expect that it will start within the next,neutral
304,order your secure and smart btcethaltcoin hardware wallet  only 9480 eur,positive
305,top 5   alert time 20191020 082002 7974061 172039 0290,neutral
306,bought btc using  atm easy interface fast transfersaccepts cash govt issued safety messages,positive
307,do you know  the fastest qt based  or lets say  with 9 second  target mo,neutral
308,prices update in usd 1 hourbtc  79249   005 eth  17089   025 xrp  029     107,neutral
309,ok now you got me triggered   is first and always a store of value because of its d,positive
310,hawk will start there presale soon hawk tokens is already created in klaytn blockchain any person who is messagin,neutral
311,btc current price usd  796858 vol  186551 change 24h 000 btc,neutral
312,is coming,positive
313,former ibm google russia exec joins blockchain firm credits as cbo  via,positive
314,former   exec joins blockchain firm credits as cbo,positive
315,excellent ico i recommend this project to everyone a very strong team and excellent performance,positive
316,bitcoin cash bch current price213581 hour 028   24 hours 068   7 days 554   cash,neutral
317,simple message this type of  game is been happening in the market,negative
318,milton friedman knew it was coming,positive
319,earn  with the new cryptotab browser800 faster mining powerturn it on and get free 15 referral,neutral
320,former ibm google russia exec joins blockchain firm credits as cbo  turn your home compu,positive
321,bitcoin profit secrets october 20 2019 at 0815am,neutral
322,as  price nears 50 drop analyst foresees deeper correction for  reported by,neutral
323,bitmex btc whale2000000 worth of  sold at 79235 051351 20191020  hey hey heyyyyyyyyy,neutral
324,many countries against rushing into  currencies nirmala sitharamanbusiness standard,negative
325,1 bitcoin   dollar 793084 1 bitcoin cash   dollar 21220 1 ethereum   dollar 17091,neutral
326,one bitmain antminer z9 mini asic miner  no power supply,neutral
327,eth version of our site is coming soon who is excited,positive
328,crypto coin minute for october 20th 2019,neutral
329,holly jolly penguins slot holly jolly penguins is perfect for the festive season and features a cast of penguins re,neutral
330,crypto coin minute for october 19th 2019,neutral
331,1 btc price bitstamp 792875 usd coinbase  usd   20191020 0110,neutral
332,top 5   alert time 20191020 081003 7973861 172032 0289,neutral
333,bitcoin btc current price7973221 hour 012   24 hours 001   7 days 453,neutral
334,good luck and enjoy your sundayoctober 20 2019,positive
335,crypto as bitcoin price nears 50 drop analyst foresees deeper correction for ethereum,negative
336,as bitcoin price nears 50 drop analyst foresees deeper correction for ethereum,negative
337,btc 797303 up 1039 013 in the last hour,neutral
338,since achieving 13920 at the yearly peak the  price is nearing a 50 percent drop and according to a tech,negative
339,03taken with iphone 10 xs max,neutral
340,isnt a swiss account but the entire swiss bank in your pocket,positive
341,alipay denounces bitcoin otc trading regulatory gray area in china,negative
342,personally i am short and bearish on the us dollar stock market and world economy so regardless of,positive
343,melbourne meetup october 2019,neutral
344,the best investment you can make is in yourself thats why   50 worth of btc to start no cost fo,positive
345,pay me in  using my,positive
346,btc price weekly forecast vulnerable below 8k82k,negative
347,about to bounce why a big move is coming,positive
348,by using the  platform the  will receive all the necessary  for convenient trading ins,neutral
349,is the system change,positive
350,journey be fearful when others are greedy and greedy when others are fearful personally i project a global,neutral
351,the current price of 1 bitcoin is 7951  7118  6125  56311the current price of 001 btc or 1000000 sats,neutral
352,continues major bottoming just below key 03 level  of,positive
353,i won another   tournamenttons of fish in the sea join in the fun,positive
354,happy 18m bitcoin and 600000 block on the  blockchain 3 million back,positive
355,is a pacific island and home to breathtaking clean beaches quick processing time we have some,positive
356,price changes last hourdent 3355btt 2019xdn 1447xmy 894swt 682xnk 610,neutral
357,791714price change 1hour 013  1day 029  1week 50210202019 601 amrealtime  pr,neutral
358,1   quotes791996792761 792000792274 761278,neutral
359,top 5   alert time 20191020 080102 7973032 171820 0288,neutral
360,earn free bitcoin with this easy strategy,positive
361,a very easy way to earn money do you want to get free bitcoin discover the magic,positive
362,bitcoin btc price weekly forecast vulnerable below 8k82k,negative
363,btc hourly update794310        00030btc,neutral
364,former ibm google russia exec joins blockchain firm credits as cbo,positive
365,everything else can be taken from you by men in black with guns,positive
366,slast block height  600164 see more on,neutral
367,throwback to when ct was right but at the wrong time btc,neutral
368,bitcoin magazine week in review,neutral
369,top 100 avg 24h return 0341 43 up 57 downbtc 00  eth 13best217 zen 174 tnt,neutral
370,oct 20 2019 045900 utc  793520  710410  611300    btc,neutral
371,oct 19 2019 1000pm  priceusd 801127  eur 713999  jpy 86377536,neutral
372,price 7973 00volume 14bmarket cap 143b,neutral
373,top12 mostmentioned  this hour1 2 3 4 5 6 7,neutral
374,one bitcoin now worth 7935232 market cap 142850 billion based on  bpi,neutral
375,tomorrows bitcoinbtc forecast is        up 50 down 50 bitcoin forecast ios,neutral
376,0800 bitcoin  79365079,neutral
377,you suffer    but why  bitcoin just hit 793523 time to remotely toggle your rig at home,positive
378,the bitcoin btc price is currently 797292 usd or 713786 eurits the number  cryptocurrency on the earth wi,neutral
379,bitcoin btc price weekly forecast vulnerable below 8k82k,negative
380,our goal is to become a unique infrastructuresolution creating value for each of our clients andpartners swapzi,positive
381,htc releases a cheaper blockchain phone  techcrunch,positive
382,breaking bittrex cryptocurrency exchange shutting down in 31 countries via,negative
383,are building a financial institution which provides investors with the necessary and upto,positive
384,more info,neutral
385,you cannot spend your way out of recession or borrow your way out of debt therefore i am long on bitcoin metal pa,positive
386,i believe that the project will collect a good amount of money for the implementation of the road map in full volum,positive
387,a friendly reminder we have the release candidate of btg core wallet extensively tested v0171rc1 many improve,positive
388,have a good sunday,positive
389,these 3 sidechains hold 9661 bitcoins    via,neutral
390,this week in dash october 14th  october 19th,neutral
391,bitcoin nostradamus smashes all fears with super accurate prediction will btc soar to all time high,positive
392,a storm is coming to bitcoin this halloween  heres how an october 31st crash may be likely,negative
393,prices update in eur 1 hourbtc    70951   00   eth    15282   02  xrp    026     0,neutral
394,prices update in usdt 1 hourbtc  791696  02 eth  17032   022 xrp  029     005,neutral
395,prices update in usd 1 hourbtc    79270     023 eth    17067     04  xrp    029,neutral
396,prices update in usdt 1 hourbtc  791945        014 eth  17048         017 xrp  029,neutral
397,ceo of  is stating that they can grow much faster if they work together with integrators,positive
398,rn going in to see  always reppin,positive
399,hope you had a great time and really got out there to mingle with all the amazing peeps working on the,positive
400,price weekly forecast vulnerable below 8k82k reported by,negative
401,price weekly forecast vulnerable below 8k82k,negative
402,take the love compatibility test,neutral
403,bitcoin about to bounce why a big move is coming,positive
404,he swears buy 01 btc on oct 22nd why bitcoiners must hear what highest earning economist just said,positive
405,top 5   alert time 20191020 075002 7976604 171959 0288,neutral
406,bitcoin btc price weekly forecast vulnerable below 8k82k,negative
407,i too was called a russian bot by hillary cause i dont want endles,positive
408,time to get paid in full,positive
409,btc took a quick 175r scalp when we ran friday low ethusd tapped its friday low an hour prior missed that an,positive
410,bitcoin btc price weekly forecast vulnerable below 8k82k,negative
411,how to trade crypto in person safely  bitcoin news,positive
412,devere crypto app allows you to buy sell exchange or hold cryptocurrency at the best possible exchange rate and c,positive
413,former ibm google russia exec joins blockchain firm credits as cbo,positive
414,i could laugh at the  price but i wont,positive
415,pure coincidence or indicative that bear markets  a ramen diet for  hodlers,negative
416,with due respect  does not care about what the g7 thinks about it it is a private currency it will do wh,negative
417,is for,neutral
418,price changes last 4 hoursxyo 2015xdn 1443bloc 1264itm 1433xmy 898jnt 6,neutral
419,peterschiff followers be like,neutral
420,beyond  and  basics what can  technology do for the  would it work for yo,neutral
421,eternal life get frozen perhaps in the future   you and  will laugh over lunch and dis,positive
422,instant crypto swaps hassle free best rates,positive
423,slotastic casino  400 private freeroll password for october   reliable,neutral
424,people come for the trading and stay for the sound money  dan held,positive
425,btc price weekly forecast vulnerable below 8k82k  newsbtc,negative
426,at this stage of my acquaintance with the project  i can say that i was surprised by the idea of a global expansion,positive
427,top 5   alert time 20191020 074002 7979971 171761 0288,neutral
428,has it all wrong i also believe he is long on bitcoin and crypto without admitting it pl,positive
429,last night i had a dream chainlink was over 10link,neutral
430,former ibm google russia exec joins blockchain firm credits as cbo,positive
431,i agree hodl,positive
432,buy a swace crypto miner,neutral
433,wonder what the  of the  revolution will be,positive
434,bittrex international halts service in venezuela and 30 more countries  via,negative
435,the hardware bitcoin wallet get trezor now for only 89 eur    00,neutral
436,binance 4h btcusdt792092 rsi3794 stochrsi50556461 macd63716944 sma21797390 sma5081428,neutral
437,bitcoin,neutral
438,brazil has only 40 bitcoin full nodes and i own 2 of them via rbitcoin,negative
439,some guys posting fud about btc in here to uplift the mood and confuse the bots ill just leave this here go btc,positive
440,intl child pornography ring brought down by police in the us south korea and  uk have,negative
441,aye  did you buy some  or  yet,positive
442,14yvonne returns home eager to study what she had missed for many blocks yvonnes passion to the light was reigni,positive
443,13please rest when you are tired for continuously sendingreceiving great amounts of rewards is a burden on the so,positive
444,bitfex trading platform internal testing and tweaking at near completion next step will be opening beta exchange t,positive
445,mr t pities the fools,neutral
446,buy bitcoin with paypal also with cc paysafecard skrill okpay    00,neutral
447,hello humans as of sat oct 19 233013 cdt 2019 current  prices is 79731457 is 675,neutral
448,oct 20 2019 042900 utc  793970  710810  611640    btc,neutral
449,cheers  crypto derivatives with the best perpetual contracts,positive
450,billionaire investor peter thiel is doubling down on heres why  forbes,positive
451,top 5   alert time 20191020 073006 7976528 171709 0288,neutral
452,12keeping great rewards requires continuous study  to keep your rewards safe always study an,positive
453,one bitcoin now worth 792813 high 8096760 low 7874680 market cap 142722 billion,neutral
454,one bitcoin now worth 7939662 market cap 142930 billion based on  bpi,neutral
455,can you imagine the government ran by decentralized algorithms instead of corruptable people,positive
456,why ens doesnt create more tlds responsible citizenship in the global namespace by,positive
457,11devoted with great rewards you carry the responsiblity to help answer any injustice  you must seek them out no,positive
458,try our new    not   but   is much faster and good profit for miners st,positive
459,10my child for those that pursue you for rewards look only for your friends without sin who you trust as much as,positive
460,9forgive me father for now i know it is time to rid myself of sin  how will i know the ones i spread my rewards t,neutral
461,as 100m in  r pulled off  2  s in past 24hrs amp,neutral
462,8your lack of action in the face of those without will never be forgotten for that is a sin you carry for eternity,neutral
463,7for if you    your rewards would have already been distributed to the othe,neutral
464,here is the solution to your  and  pow 51 attack issues xrp,neutral
465,6father raised his voice you allowed your greed and sloth to waste the precious rewards the devotion of others w,neutral
466,5but yvonne i am angry at your unawareness to your sinful ways for even the devoted with many rewards succumb to,neutral
467,r  bitcoin,neutral
468,4my child i am grateful for your devotion in the early days of the  without your devotion and your h,positive
469,3father i do not know what to do with my rewards and the burden of holding onto so many rewards gives me fear tha,positive
470,never forget a gold mine is a hole in the ground with a liar at the top xauusd,positive
471,2yvonne was sought out by many for she had many rewards from the early days of the  she had never con,positive
472,unpopular opinion bearish on  at 7800 is fucking dumb,positive
473,discover new trading formulas that are working join my free day trading signals channeli will teach you how to ma,positive
474,1praise  on this glorious block divisible by 88 we draw two vertical infinities on our chest to pray that,neutral
475,enjoys a lowkey sushi outing in west hollywood  via,neutral
476,retailers are rushing into crypto is this the start of mass adoption overstock 7eleven ikea etc,positive
477,dont forget  with a maximum supply of 66588888 mtl only and 0 fees f,neutral
478,praise  another 10  blocks have been found be thankful for every block block  600160 hash 0000,neutral
479,bitcoin halving to push market cap into the trillions   btc,positive
480,bitcoin shares airdrop is now liveclick on below link to participate into this amazing,positive
481,i want to draw a comparison between present day gold transactions and bitcoin transactions  btc,neutral
482,phenomenal gains  icx gained approximately  in the past day the price increased to 015  promote y,positive
483,has a maximum supply of 66588888 mtl only and 0 fees for users with 10000 mtl or m,neutral
484,did  lie about her birthday and the halving date,neutral
485,1  in  transferred for less than 4,neutral
486,stay safe guys little things knows best number  position on cmcdont get scammed like guy below,negative
487,multicurrency support for eth,neutral
488,order your secure and smart btcethaltcoin hardware wallet  only 9480 eur,positive
489,top 5   alert time 20191020 072002 7970507 171652 0288,neutral
490,prices update in usd 1 hourbtc  79287   036 eth  17046   026 xrp  029     035,neutral
491,free 300 gh cloud mining at gominer instant witdraw,positive
492,free bitcoins  earn 65 free btc in 5 minutes,positive
493,pay me in  using my,neutral
494,an article published by  says lump sum  purchases provides a 68 better return on investment tha,positive
495,how  transactions were used to  the 23yearold south korean operating a global child exploitatio,negative
496,bitcoin recovers above 8k after 18th million bitcoin was mined   via,positive
497,bitcoin cash bch current price212841 hour 008   24 hours 074   7 days 583   cash,neutral
498,these 3 sidechains hold 9661 bitcoins,neutral
499,bitmex btc whale3000000 worth of  bought at 79150 041555 20191020  wait for the bounce then short the corn,negative
500,syria turkey isis chile hong kong spain trump brexit yeild curve inversion repo market trade war chinese,neutral
501,r  smart btc price tag  lightning network powered nfc chip using the opennode api,positive
502,new tradeexchange buy date  20191018 080853sell date  20191020 061314buy  00,positive
503,here is the solution to your  and  pow 51 attack issues xrp,neutral
504,whales  hundreds of millions of dollars in the past few days despite a stagnant  market,positive
505,bhk is the first app on  that provides users with decentralized electric scooters for intelligent short,positive
506,crypto news from the germanspeaking world   via,neutral
507,break da bank again respin game burger studios is proud to present its very first game break da bank again respin,neutral
508,thank you  you havent failed yet,neutral
509,found bottom for coinbasebtcusd by swingpyro,neutral
510,1 btc price bitstamp 790712 usd coinbase  usd   20191020 0010,neutral
511,top 5   alert time 20191020 071002 7960252 171307 0288,neutral
512,bitcoin btc current price7961751 hour 010   24 hours 009   7 days 467,neutral
513,790712price change 1hour 008  1day 048  1week 53210202019 509 amrealtime  pr,neutral
514,i sell 70000 of  account send me a  money increases account,neutral
515,can anyone help me get in to  mining im looking for a  please,neutral
516,thank you for your virtual currency support m  m,neutral
517,miami club casino 10 free chip signup bonus or new 250  bonus 125  100 free spins,neutral
518,willy woo bitcoin already reached 40 of fiat currency life expectancy,neutral
519,i think this swapzilla project would be a good solution for business owners and as you know the more carefully des,positive
520,the  swapzilla project will be a good and strong new investment movement the  project works in a company that has,positive
521,no regulators panics when banks lose crores of publics money to a handful of powerful menbut when i say how cry,positive
522,price usd 791521 btc,neutral
523,is a very good project the project that will make a break though for the market i am very confident,positive
524,the current price of 1 bitcoin is 7948  7115  6122  56286the current price of 001 btc or 1000000 sats,neutral
525,btc 796264 up 016 000 in the last hour,neutral
526,the first smartphone with bitcoin full node support made by htc,positive
527,instantly buying unfairly cheap beer,positive
528,bitcoin bites the bullet,neutral
529,price changes last hourswt 806nlc2 688meme 683aid 639bkx 614bft 513,neutral
530,top 5   alert time 20191020 070125 7961515 171461 0288,neutral
531,1   quotes790941791772 790853791150 919209,neutral
532,a very easy way to earn money do you want to get free bitcoin discover the magic,positive
533,new bitcoin btc price is 791768 usd,neutral
534,there are many android apps that offer their users an opportunity to earn free bitcoins in the form of satoshi by,positive
535,price 796151  1hchg 008 24hchg 009 24vol 1407b  mktcap 14332b,neutral
536,btc hourly update791971        00007btc,neutral
537,earn free bitcoin with this easy strategy,positive
538,secs court hearing on telegram token delayed till next year,neutral
539,dont want to be a clueless one in your group of crypto friends dont skip this article,neutral
540,oct 20 2019 035900 utc  793120  710060  610990    btc,neutral
541,oct 19 2019 0900pm  priceusd 800879  eur 714186  jpy 86386015,neutral
542,never sell  for lessthe best  prices in hkd 60546 hkd 61362 hkd,positive
543,top 5  daily price  7911 059 029 209 16982 134,neutral
544,top12 mostmentioned  this hour1 2 3 4 5 6 7,neutral
545,one bitcoin now worth 7931245 market cap 142778 billion based on  bpi,neutral
546,0700 bitcoin  79365079,neutral
547,bitcoinaverage  bitcoin price index   79394,neutral
548,the bitcoin btc price is currently 796151 usd or 712765 eurits the number  cryptocurrency on the earth wi,neutral
549,you suffer    but why  bitcoin just hit 793124 time to remotely toggle your rig at home,positive
550,billionaire investor peter thiel is doubling down on bitcoinheres whysome investors have not been put off by bi,positive
551,index  12636 satoshis  1   0188 btcoz,neutral
552,on friday the 18 millionth  will be mined there will only be another three million left to dig up its a,positive
553,free 300 gh cloud mining at gominer instant witdraw,positive
554,as of october 19 2019 at 1058pm 1 btc  79851899 usd,neutral
555,celebrating my 50th with friends and family im both speachless and blessed beyond words gracias a todos,positive
556,excellent  project  with excellent  team thanks for swapzilla team for giving this nice opertunity to us,positive
557,this just popped up on our radar crypto vs banks debate  blockchain australia young professionals,positive
558,anyone out there have  already use their  service amp wouldnt mind sending me a few sa,neutral
559,prices update in eur 1 hourbtc    70949   022 eth    15251   024 xrp    026     0,neutral
560,prices update in usdt 1 hourbtc  790102  013 eth  16994   018 xrp  029     024,neutral
561,prices update in usd 1 hourbtc    79090     018 eth    16999     004 xrp    029,neutral
562,prices update in usdt 1 hourbtc  790859        02 eth  17019         008 xrp  028,neutral
563,share,neutral
564,holmer  i am pretty dang sure we are headed to the 6ks even high 5ks we may get a bounce fi,negative
565,2 in 2017  showed its inability to operate at layer 3 scale so the lighting network was born as a 2nd la,neutral
566,im beginning to think this bear market is correlated to how long it has taken me to finish reading the bitcoin st,negative
567,unlike lv   wants your  to get   of,neutral
568,zrx  usdti am expecting  at least achieves 036 which is around 23 profit means alt revol,neutral
569,cards right  learn2earn,neutral
570,teofimo lopez on fire about commey tricks lomachenko takeover canelokovalev amp fortnit,neutral
571,canelo down to whoop ufc fighter tyron woodley after call out responds,negative
572,top 5   alert time 20191020 065002 7961318 171676 0288,neutral
573,20 equity first round of 2000 stakesinvest in equity,positive
574,end of day   strategy for usdjpy,neutral
575,hahaha so right,positive
576,is for,neutral
577,solves many problems of the existing blockchainsscalabilitytpsusabilitysecuritysovereignty,positive
578,several big updates for mynode lnd to 080 pgp verify bitcoind and lnd upgrades add https option support,neutral
579,meet  solution that revolutionizes crypto trading,positive
580,check importantdouble down your bitcoin security by utilizing 2fa servicestypically whe,neutral
581,btc short update profit 11425390 roi 3080this will soon grow exponentially once  heads lower,negative
582,mkt cap last hourltc 5218mhedg 1400msnx 1078mbtc 158558meth 31073mxrp 25987m,neutral
583,top 5   alert time 20191020 064002 7958926 171559 0288,neutral
584,i sell 70000  of  account  send me a,neutral
585,xera exchange  the next big thing in crypto currency exchanges if you want some free tokens head over to their c,positive
586,satoshi nakamoto should get a noble prize for  and,positive
587,made a few minor initial transactions on coinbase today fees were 25  kinda a lot i think that the v,negative
588,the hardware bitcoin wallet get trezor now for only 89 eur    23,neutral
589,how to trade crypto in person safely,positive
590,podcasts are trending and could be beneficial for independent media and publishers people these days dont easily,positive
591,binance 4h btcusdt790404 rsi3516 stochrsi60717390 macd65127103 sma21797577 sma5081496,neutral
592,btcusd   triple bottom amp falling channel for bitmexxbt by faibik,neutral
593,bitcoin news sentiment remained positive in the last hour,positive
594,how to trade  in person safelyread here,neutral
595,vs  bitcoin will be hacked by  and banned by,neutral
596,buy bitcoin with paypal also with cc paysafecard skrill okpay    23,neutral
597,quants need to easy up a bit otherwise retail will just leave the fucking space and there will only be institution,negative
598,why am i adding more  to my portfolio  is  coming,positive
599,hello humans as of sat oct 19 223014 cdt 2019 current  prices is 79581502 is 675,neutral
600,oct 20 2019 033000 utc  792490  709490  610510    btc,neutral
601,top 5   alert time 20191020 063005 7960530 171460 0288,neutral
602,one bitcoin now worth 7924203 market cap 142651 billion based on  bpi,neutral
603,one bitcoin now worth 791115 high 8096760 low 7874680 market cap 142416 billion,neutral
604,final round  please vote for me on facebook,neutral
605,dear stranger to you salvation to me    1acnzqfzwpqk8pcpfxxttpce4nxmb8x4dt,neutral
606,if youre a traderinvestor these are the next critical dates to watch my  orders are set remember merc,neutral
607,register binance and generate referral links to invite your friendsgt    btc,positive
608,we have been short for a long time over here how about you btc,negative
609,some guys posting fud about btc in here to uplift the mood and confuse the bots ill just leave this here go btc,positive
610,so many people are going to miss this opportunity just like the missed,positive
611,bitcoin is up 83000 since gold topped in 2012 bullion vs btc     pompliano,positive
612,htc releases affordable blockchain enabled phone which will allow users to access a bitcoin node  htc we are pro,positive
613,chaos in chile people are marching on the streets because of the corruption on the goverment and the high fares on,positive
614,prices our temporary im adding gradually to my stack as able for,positive
615,special legal episode of  w returning guest  sasha is an attorney for  related,positive
616,how to trade crypto in person safely com news with mainstream exchanges becoming progressively cumbers,positive
617,network advocates meet in berlin germany to stop this blockchain,neutral
618,cash is amazing  check it out,positive
619,only less than   keep  on the,neutral
620,is a unique infrastructure solution that revolutionizes crypto trading,positive
621,how to trade crypto in person safely  via,positive
622,layer1 on the plains of west texas may become largest  mining operation in the world reddit,positive
623,try your luck now at  blackjack game good luck catch the winning spirit,neutral
624,look closely,neutral
625,himself is one of the biggest bag holders thats why hes so damn scared that  will replace or,neutral
626,order your secure and smart btcethaltcoin hardware wallet  only 9480 eur,positive
627,top 5   alert time 20191020 062002 7953024 171323 0288,neutral
628,realbirdie   fixes this,neutral
629,amazing project team is good joing there hawk school project and get chance to win token,positive
630,i work with a good legit site where 47k people enjoying there work and earning you can start here minimum 1 joi,positive
631,prices update in usd 1 hourbtc  79002   021 eth  17001   029 xrp  029     009,neutral
632,investment plans 140 after 2 days 170 after 4 days 200 after 7 days automatic payouts  directly to y,positive
633,welcome to coinpool asiaregister online and receive a free bitcoinnew referral event,positive
634,learn  my friend it fixes much of this junk,positive
635,how to trade crypto in person safely,positive
636,bitcoin cash bch current price212931 hour 035   24 hours 022   7 days 574   cash,neutral
637,is there any other coins performing like  right now up 70 in the last 44 days up 123 from bottom the to,positive
638,telegram responds to sec gram tokens are not securities,positive
639,uptown aces casino  new 100 free spins coupon from the message center valid for depositors until 102419,neutral
640,bitcoin   it workedthank you  for being on top of the situation unlike,positive
641,whoa jermall charlo says demtrius andrade is chinny as hell tells hearn amp dazn hit,neutral
642,tray deee details the chain snatching incident that led to 2pacs death part 5,neutral
643,tray deee amp vlad discuss inconsistencies in keefe ds interview part 8,neutral
644,pt 8mel murda sentencedshowtime putting out a 6ix9ine docuseriessara molinas dropping,neutral
645,showtime orders tekashi 6ix9ine limited docuseries  learn2earn,neutral
646,breaking news jermall charlo calls out amp challenges demetrius andrade im comin to dazn,neutral
647,andy ruiz vs anthony joshua full fight highlights hd  learn2earn,neutral
648,how to trade crypto in person safely  turn your home computer into a bitcoin minimine fo,positive
649,be everywhere gonecrypto  amp  video  this cafe    i shaved my noggin  what,neutral
650,how mature is the lightning network reddit  i know that one can already use the lightning network but,positive
651,how to trade crypto in person safely,positive
652,compared to  and   value killed in ridiculous amount of token illusionwhat is a bottle of,negative
653,maybe the powers that be fear  more than,positive
654,news from the germanspeaking world oct 1319 in reviewcointelegraph,neutral
655,world first  and cryptofriendly drivethru accepts btc litecoin and binance cointhe daily hodl,positive
656,1 bitcoin   dollar 790285 1 bitcoin cash   dollar 21166 1 ethereum   dollar 17015,neutral
657,dont miss your chance to earn profit from this great project i believe you will succeed and you will turn the wor,positive
658,21 million bitcoins 2100000000000000 satoshis keep stacking stay humble,positive
659,reversal  for anyone who is even a  archive,neutral
660,just a few days until the   amp crypto investing trading amp mining meetup be there,neutral
661,funky towels and funky women summer sandals buy with  only,neutral
662,1 btc price bitstamp 790008 usd coinbase  usd   20191019 2310,neutral
663,chinas sneakerheads chase 6600 returns flipping air jordans  btc,neutral
664,who needs btc  just flip some jordans,neutral
665,top 5   alert time 20191020 061002 7949439 171426 0288,neutral
666,bitcoin btc current price7954131 hour 012   24 hours 011   7 days 476,neutral
667,to the weekly  want to be the first to receive circuit releasesuse the link bel,positive
668,this reminds me of  btc today,neutral
669,summer sale nowonselling tcc accountfor sale10bitif you are interestedplease contact or dm me,neutral
670,the colonel of kfc weighs in on altcoins  click now to join the elixium trading group,neutral
671,majestic elephants slot microgaming presents majestic elephants inspired by the beautiful plains of africa king t,neutral
672,whoa  first order miner outlook flex fit hat  get it here     btc,positive
673,praise  another 10  blocks have been found be thankful for every block block  600150 hash 0000,neutral
674,blockchain voting is vulnerable to hacking and lowquality data research,negative
675,in 28 cryptocurrencies or bit10 an index of the top cryptos sign up and get 25 in,positive
676,live domain name auction,positive
677,count the time til  goes moon and debt bubble explodes here is the tool you need  your money blows aw,neutral
678,chinas cryptocurrency plan has a powerful partner big brother reddit     submitted by    ulocalname,positive
679,spencer dinwiddie defies nba will launch sd8 token offering on monday,neutral
680,790064price change 1hour 014  1day 034  1week 52810202019 405 amrealtime  p,neutral
681,how to trade crypto in person safely,positive
682,gbtc   riot,neutral
683,say no more,neutral
684,join a truly serious project i suggest to participate the best chance to join now waiting for good news from thi,positive
685,the current price of 1 bitcoin is 7931  7100  6110  56169the current price of 001 btc or 1000000 sats,neutral
686,btc 796280 up 246 003 in the last hour,neutral
687,fake tor browser has been spying stealing  for years  via,negative
688,tubebuy at btc and sell at btc ratio 128,neutral
689,wtc volume boost121 times the average volume in  to btc pair binance net 1 min volume 48810 btc,neutral
690,retailers are rushing into cryptois this the start of mass adoption,positive
691,silly and impractical but pretty funny fundamentally sound,neutral
692,bsvbuy at btc and sell at btc ratio 2391buy at btc and sell at btc ratio,neutral
693,ongbuy at usdt and sell at eur ratio 021,neutral
694,trxbuy at usdt and sell at usd ratio 342,neutral
695,etnbuy at try and sell at usd ratio 019buy at try and sell at us,neutral
696,zecbuy at usdt and sell at usd ratio 319buy at usdt and sell at usd ratio 328,neutral
697,usdcbuy at btc and sell at btc ratio 056,neutral
698,price changes last hourxyo 1968xmy 971ncash 880dent 2520xdn 1273jnt 683,neutral
699,algobuy at usdt and sell at try ratio 521,neutral
700,linkbuy at usdt and sell at try ratio 061buy at usdt and sell at try rati,neutral
701,adabuy at usdt and sell at usd ratio 273buy at usdt and sell at usd ratio 270,neutral
702,npxsbuy at usdt and sell at try ratio 290buy at usdt and sell at try,neutral
703,actual   price is 1 btc  712501  1 btc  7958567  change last 24 hours 005 change last hour 007,neutral
704,1   quotes789764791158 790239790280 919516,neutral
705,xera exchange  the next big thing in crypto currency exchanges if you want some free tokens head over to their c,positive
706,last hourly biggest  blockchain transaction   273  2141073 usd from unknow wallet to,neutral
707,we were built for lightspeed     full video,positive
708,bitcoin has inherent value as a decentralized currency but its current valuation is a bubble waiting to burst,negative
709,read any good books lately   btc,positive
710,a very easy way to earn money do you want to get free bitcoin discover the magic,positive
711,wordpress   culturetrip  london united kingdom      more info,neutral
712,takeoffs business model furthermore startups services make mutual utilization of the original tokens and,positive
713,btc hourly update791400        00022btc,neutral
714,earn free bitcoin with this easy strategy,positive
715,sconfirmed block height  600144 see more on,neutral
716,reports  bitcoin sextortion malware is even worse than thought read more here,negative
717,a new post weak ethereum price may see 20 drop before breakout is added on,negative
718,oct 20 2019 030000 utc  791730  708810  609920    btc,neutral
719,top 100 avg 24h return 0644 48 up 51 downbtc 01  eth 11best281 zen 179,neutral
720,oct 19 2019 0800pm  priceusd 800702  eur 714445  jpy 86399957,neutral
721,luxury car manufacturer begins accepting  for vehicle sales,positive
722,current btc price 791606 usd btc price on 20181019 64188525 usd,neutral
723,top12 mostmentioned  this hour1 2 3 4 5 6 7,neutral
724,one bitcoin now worth 7916055 market cap 142504 billion based on  bpi,neutral
725,0600 bitcoin  79365079,neutral
726,now shilling     btc xcp,neutral
727,the bitcoin btc price is currently 795304 usd or 712007 eurits the number  cryptocurrency on the earth wi,neutral
728,you suffer    but why  bitcoin just hit 791606 time to remotely toggle your rig at home,positive
729,bitcoin  btcprice 795699change in 1h 01market cap 14324066989300ranking 1,neutral
730,rent a powerful  in  with uspay your service using more than 850 payment methods fully supp,positive
731,bitmain antminer z9 mini used 1017 ksols 300w  us seller,neutral
732,antminer l3 miner w psu  litecoin asic scrypt  596mhs fully working usa,neutral
733,keep trying not selling,neutral
734,as of october 19 2019 at 0958pm 1 eth  17105 usd,neutral
735,world first bitcoin and cryptofriendly drivethru accepts btc litecoin and binance coin,positive
736,gonna be bear this this month ema line still showing big gap,negative
737,a unique  model suggests that the bears are done with  and the  will make another ru,positive
738,ask me howdm and lets get talking,neutral
739,link has been heading back to 2 as mentioned the fallouts on  are no help amp only push this  lowe,neutral
740,prices update in eur 1 hourbtc    70794   024 eth    15214   041 xrp    026     0,neutral
741,prices update in usdt 1 hourbtc  789065  022 eth  16963   029 xrp  029     019,neutral
742,prices update in usd 1 hourbtc    78951     025 eth    16993     024 xrp    029,neutral
743,prices update in usdt 1 hourbtc  78927         019 eth  17006         013 xrp  029,neutral
744,to 5800 link to 90 cents disbelieve zone xtz to 175  xrp to 14 cents after swell pu,neutral
745,swapzilla is the best place for investment it will build a,positive
746,swapzilla is a unique infrastructure solution that revolutio,positive
747,swapzilla is the revolution in the crypto industry it is a,positive
748,today i bring new earning reward with hawk network school event click link below and get your chancehurry up,positive
749,buckle up the ride is about to begin,neutral
750,sunday october 20 2019monday october 21 2019btc,neutral
751,hes speaking about  in portuguese  but we love the tshirt and what  and,neutral
752,current bitcoin btc price 791249 usd   the bitcoin btc price a year ago on 20181018 645078 usd,neutral
753,hackers found a new way to mine cryptocurrenciesread more here,positive
754,launches exodus 1s first phone that can run a full btc node,positive
755,launches exodus 1s first phone that can run a full btc node,positive
756,world crypto network  from the lightning conference day 1  part 1,neutral
757,top 5   alert time 20191020 055002 7954866 171485 0288,neutral
758,fair go casino  new 25 free chip coupon for october depositors  reliable,neutral
759,htc reveals 219 exodus 1s cryptocurrency phone with android oreo  android police,neutral
760,hahahahalike what  will always be,neutral
761,i could give  mortgage bankers speech from 2006 verbatim  but hes wrong on,negative
762,excited to organize crypto inheritance planning what happens to your bitcoin when you die in toronto on anyone i,positive
763,rochard gibney word tezos xtz  love it brokering between  and,positive
764,is  bottoming out now for bitmexxbtusd by peterl,positive
765,fake tor browser has been spying stealing bitcoin for years,negative
766,an instant swap of balances on exchanges with the help of,neutral
767,is open for registration and testing feel free to join us and become one of the first to us,positive
768,bestchange  claim free bitcoin and get ecurrency exchange rates,positive
769,cz and more crypto figures make wealthiest chinese list for hurun institute,positive
770,8200 still possible,neutral
771,link  is   and hell   is also russian asset so just get rich and invest in,positive
772,i got  price pinned i want my clout when its over,neutral
773,btc forming a bear flagnext move could be down if 7800 support is unable to hold,negative
774,bitmex btc whale3000000 worth of  sold at 788618 024043 20191020  wait for the bounce then short the corn,neutral
775,mkt cap last hourbtc 90056mbch 11753meth 11658mxrp 53181mltc 7742mdoge 3345m,neutral
776,bitmex btc whale8000000 worth of  sold at 790544 024035 20191020,positive
777,one day yall will be able to tell your grandkids that you bought   for under 8k,positive
778,new tradeexchange buy date  20191020 041707sell date  20191020 044009buy  00,neutral
779,top 5   alert time 20191020 054002 7974628 171901 0288,neutral
780,discoin airdrop is now liveclick on below link to participate into this amazing  rewards 400  10,positive
781,summer sale nowonselling bitregionfor sale143bitif you are interestedplease contact or dm me,neutral
782,be everywhere gonecrypto  amp  video  this cafe    i shaved my noggin  what,neutral
783,published these 3 sidechains hold 9661 bitcoins,neutral
784,breaking news deontay wilder has message for ortiz  you shouldnt have signed amp done thi,neutral
785,michael rapaport goes off on the brooklyn nets amp ny knicks  offbeat rappers like meek m,neutral
786,canelo new massive back ready for sergey kovalev 175 lbs power bulked up size,neutral
787,how to trade crypto in person safely,positive
788,dirv directviews ceo roger ralston attends conference,neutral
789,donatewe accept donations in bitcoins help  wallet adress   3p1pbzadpnhcjjtjthsehta5nvogpddf,neutral
790,global us dollar shortage to benefit bitcoin says crypto twitters biggest bull,positive
791,heres how much  is currently locked up in sidechains,neutral
792,why cant all weak hand lil biches just sell errthing in red rn amp gtfo  so jump ship elites escaping from f,negative
793,how to trade crypto in person safely     btc,positive
794,htcs exodus 1s can run a full  node for under 250,positive
795,htcs exodus 1s can run a full  node for under 250,positive
796,the air force ditches its nuclear command floppy disks,neutral
797,the air force ditches its nuclear command floppy disks   via,neutral
798,the hardware bitcoin wallet get trezor now for only 89 eur    22,neutral
799,the ryo  channel is growing and is the place to be for the most up to date news on where team,positive
800,how to trade crypto in person safely  via bitcoin,positive
801,htcs latest blockchain phone can run a full bitcoin node,positive
802,well worth the time to read  languages are not governed by democracy and neither is  bitcoin is an,positive
803,what if i believed in bitcoin about 8 years ago and i bought it instead of spending 100 per month for gasdiesel,positive
804,binance 4h btcusdt791534 rsi3611 stochrsi63257474 macd64227085 sma21797631 sma5081498,neutral
805,on wednesday the united states department of justice doj revealed how it had followed a trail of  trans,negative
806,how bitcoin transactions were used to track down the 23yearold south korean operating a global child exploitation,negative
807,this is what most politicians wont tell you   theres no reserve  it doesnt exist  runaway hyperinflation w,positive
808,uae government plans on using blockchain for 50 of its operations,neutral
809,how to trade crypto in person safely   news       kyc,positive
810,thanks katherinetyson for following me tell your friends  and  in the house follow our compan,positive
811,how to trade crypto in person safely,positive
812,binance trading bot sell signalpair rcnbtcentry price 000000473stop loss 000000452rcn,neutral
813,hello humans as of sat oct 19 213014 cdt 2019 current  prices is 79634628 is 675,neutral
814,buy bitcoin with paypal also with cc paysafecard skrill okpay    22,neutral
815,oct 20 2019 022900 utc  793570  710450  611330    btc,neutral
816,top 5   alert time 20191020 053006 7968307 171848 0288,neutral
817,one bitcoin now worth 7935665 market cap 142857 billion based on  bpi,neutral
818,one bitcoin now worth 791004 high 8096760 low 7875000 market cap 142395 billion,neutral
819,its true cryptocurrency users are not above the law theyre ahead of it buy  on  and youll always be in compliance,neutral
820,its time to get back to work lets go,neutral
821,how bitcoin transactions were used to track down the 23yearold south korean operating a global child exploitation,negative
822,bitmex btc whale2871729 worth of  bought at 79161 022808 20191020  wait for the bounce then short the corn,neutral
823,how bitcoin transactions were used to track down the 23yearold south korean,negative
824,bitmex btc whale7000000 worth of  bought at 790098 022804 20191020,neutral
825,pay me in  using my,neutral
826,anyone do you invest in me,neutral
827,andreas antonopoulos talks about people who say crypto isnt useful,neutral
828,we need sec approved investment vehicles for 401k ira 529s seps rebalancing is prudent we should be,neutral
829,b l o c k c h a i n  b a n k,neutral
830,education and blockchain how universities utilize immutability to enhance data integrity,positive
831,tv ed  buy  while its on sale,neutral
832,those fibos thobtc  to 18k by the end of the year eoy the moving averages are solid on this one young,positive
833,htcs exodus 1s can run a full bitcoin node for under 250,positive
834,the overall digital asset ecosystem has grown from a crawling toddler to a preteen who is starting to wonder who,neutral
835,fuck outta here  dkc compeitition cart is the real store of value,neutral
836,earn while you sleep with psigen in    daily join psigen telegram,neutral
837,zcash to originate a wrapped token to access ethereum defi ecosystem  zcash news,neutral
838,order your secure and smart btcethaltcoin hardware wallet  only 9480 eur,positive
839,what do you think about these interesting comments from sam i am,neutral
840,tickets for our  launch event monday night are selling fast last chance,positive
841,top 5   alert time 20191020 052002 7965685 171742 0288,neutral
842,is an unique project will bring great success choose the best project and multiply capital it is rea,positive
843,we need this currency in future,positive
844,do you think that free bitcoin is a scam honestly not necessarily find out why gt  and r,positive
845,eventually you have to bend the knee to s scarcity,positive
846,prices update in usd 1 hourbtc  79165   005 eth  1705    022 xrp  029     102,neutral
847,a glimpse into the future  crypto derivatives with the best perpetual contracts,positive
848,remote viewing community magazineexplore the woo,neutral
849,facebook moves ahead with libra despite some major setbacks,neutral
850,new tradeexchange buy date  20191020 040408sell date  20191020 041545buy  00,neutral
851,bitcoin cash bch current price213721 hour 007   24 hours 063   7 days 536   cash,neutral
852,btc im scalping a long here because im board and a little tipsy,negative
853,our robot colleague satoshi nakaboto writes about bitcoin every fucking day welcome to another edition of bitcoin,neutral
854,alright which one of you is this,neutral
855,shocking state of  and,negative
856,trumps former adviser trying to launch his cryptocurrency now teams up with chinese spiritual movement,neutral
857,dress up as a  and just act like going down everytime you meet someone,neutral
858,hey hey hey its october 20 already and that means this is the last day for our october special promo are you gu,positive
859,the  pizza is worth 79265143 today 003 from yesterday,neutral
860,s exodus 1s can run a full  node for under,positive
861,if we break bearish i wouldnt be surprised if we blow right past the 6750 target and test 6000bears can get ag,negative
862,14ths antminer sha256 asic  168 hour bitcoin mining rental with pro miner,neutral
863,791162price change 1hour 009  1day 004  1week 52710202019 313 amrealtime  p,neutral
864,the first section of the book is to give you a thorough framework of understanding for the fundamentals of cryptocu,positive
865,good enough btc trade signals source  vipchannel        abbc ppc rep sxp,positive
866,the wildlife 2 slot the wildlife 2 is a 5reel 50payline video slot powered by software from belatra games heari,neutral
867,free 300 gh cloud mining at gominer instant witdraw,positive
868,btc xrp eth ltc ada etc doge link xlm bnb trx alts,neutral
869,5 warning signs for spotting a crypto scam,negative
870,cambodia to use its blockchain digital wallet to cut crossborder fees,neutral
871,test again 76007780 for bitstampbtcusd by pamsugas,neutral
872,1 btc price bitstamp 790704 usd coinbase  usd   20191019 2210,neutral
873,bitcoin btc current price7959711 hour 021   24 hours 002   7 days 469,neutral
874,whoa  bacon cat tshirt  get it here     btc,neutral
875,final round please vote me on the cover now,neutral
876,blaming  for  attacks is like  the  when a  is,neutral
877,bitcoin recovers above 8k after 18th million bitcoin was mined,positive
878,the latest daily crypto news book author johan von amsterdamdontt forget to subsrib,neutral
879,that feeling when you expect it to bouncebut it doesnt,negative
880,reliance aims to bring transparency in goods transportation through blockchain soon,neutral
881,well this year the market hasnt moved much,neutral
882,thank you for your virtual currency support m  m,neutral
883,free 300 gh cloud mining at gominer instant witdraw,positive
884,please donate for me with cryptono bank account i can buy food with bitcoin hereplease save me your 5 can sa,neutral
885,i expect this opinion to change over time at 50k 100k  that gold is going to feel tarnished,positive
886,whether you believe dr craig wright to be satoshi nakamoto or not it will not matterone chain will dominate,neutral
887,live domain name auction,positive
888,we will be starting our presale soonhawk tokens is already created in klaytn blockchain any person who is mess,neutral
889,the current price of 1 bitcoin is 7940  7108  6116  56230the current price of 001 btc or 1000000 sats,neutral
890,btc 796034 down 1158 015 in the last hour,negative
891,i could have bought  instead of dinner  amp   a very happy medium we get both,positive
892,grayscale now manages over 22 bn in crypto assets on behalf of its clients,positive
893,cryptographer  cool lets take your statements as 100 fact   still crushes your numbe,neutral
894,hey crypto enthusiastswe are live,neutral
895,price changes last hourxdn 1424zen 712storm 621itm 1447cpt 1158xmy 913,neutral
896,join the hawk school event and earn 20 tokens free,positive
897,how bitcoin transactions were used to track down the 23yearold south korean operating a global chifor almost,negative
898,1   quotes789993790129 789833790179 296186,neutral
899,may have stolen users  for years,neutral
900,top 5   alert time 20191020 050055 7960339 171566 0288,neutral
901,buy  with skrill prepaid  and app,neutral
902,antarcticas glaciers still disburse nuclear radioactive material after 60 years,neutral
903,earn free bitcoin with this easy strategy,positive
904,the major challenge facing the mass adoption of  is its volatile nature stable coins may prove to,negative
905,a very easy way to earn money do you want to get free bitcoin discover the magic,positive
906,btc hourly update793148        00013btc,neutral
907,you still have a chance to be part of a wonderful project very great company with a good goals and partners,positive
908,model that predicted  price drop to 8000 bears are done,positive
909,slast block height  600145 see more on,neutral
910,oct 20 2019 015900 utc  792170  709200  610250    btc,neutral
911,download  wallet now and transact with ease available on ios and android app stores,positive
912,oct 19 2019 0700pm  priceusd 800548  eur 714616  jpy 86420186,neutral
913,top12 mostmentioned  this hour1 2 3 4 5 6 7,neutral
914,one bitcoin now worth 7921653 market cap 142604 billion based on  bpi,neutral
915,everett silvertips vs prince albert raiders,neutral
916,0500 bitcoin  79365079,neutral
917,the bitcoin btc price is currently 796431 usd or 713015 eurits the number  cryptocurrency on the earth wi,neutral
918,you suffer    but why  bitcoin just hit 792165 time to remotely toggle your rig at home,positive
919,check it  privacy is the only big question for devs says poolin ceo  via,neutral
920,htc reveals 219 exodus 1s cryptocurrency phone with android oreo,neutral
921,i stocked up on more sticker paper today to print more fiat pics for additional ppl   now to solve the other tw,neutral
922,this project is very professional team       and  team will make,positive
923,from the tactical to the strategic how to start  in your organization with  and,neutral
924,official btc  taking profit on small leverage trade,neutral
925,what if  had the market cap of  how much would 1 of em be worth woah 41122,positive
926,slotocash casino  new 15 free spins coupon week 3   haunted house or 200  100 spins,neutral
927,if i gaveyou my  mine would you mine ityou can build a fortune here with a small budgetmy secret to ma,neutral
928,the relative difficulty of producing new monetary units determines the hardness of money money whose supply is ha,positive
929,it is not what you do for your children butwhat you have taughtthem to do for themselvessurrounding our kids,neutral
930,htcs exodus 1s can run a full  node for under 250,positive
931,iam platform curated tweethtc unveils budget blockchain phone the exodus 1s  beincrypto,neutral
932,prices update in eur 1 hourbtc    70965   015 eth    15276   04  xrp    026     1,neutral
933,prices update in usdt 1 hourbtc  790771  016 eth  17013   046 xrp  028     21,neutral
934,prices update in usd 1 hourbtc    79150     006 eth    17034     046 xrp    029,neutral
935,prices update in usdt 1 hourbtc  79081        001 eth  17028        042 xrp  028,neutral
936,v because v             kronies       theyre konnected,neutral
937,this open platform provides opportunity to all the interested people to host their own show they will get rewarded,positive
938,btc has weakened furtherits likely break downhard to say when but it could be now or few hours,negative
939,facilitating investors with necessary trading tools,neutral
940,weak ethereum price may see 20 drop before breakout,negative
941,1  7909 0143 utcbtc prices continue to fall btcusd,neutral
942,top 5   alert time 20191020 045002 7967579 171504 0289,neutral
943,we do the hard work analyzing the charts so that you dont have to,neutral
944,dm me  i can teach you methods and ways to make legit cash straight to your bank account  also selling fraud bi,positive
945,welcome to coinpool asiaregister online and receive a free bitcoin,positive
946,the owner of binance czbinance has created his own website for you guys to use for beneficial trading amp secret tra,neutral
947,htc exodus 1s offers full bitcoin node via rbitcoin,positive
948,alright which one of you is this via rbitcoin,neutral
949,andreas antonopoulos talks about people who say crypto isnt useful via rbitcoin,neutral
950,2020 japan olympic 2020 monacoin halving coinbase listing binance listing monappy resumed all positive go for,positive
951,xera exchange  the next big thing in crypto currency exchanges if you want some free tokens head over to their c,positive
952,new tradeexchange buy date  20191017 200654sell date  20191020 034625buy  00,neutral
953,c r y p t o p a y,neutral
954,does  indeed stand for  shit version,negative
955,teachings of lao tzutry to live in such a way that nothing is either an advantage or a disadvantagefud is p,neutral
956,fiat currency has been inflated so much in venezuela its not even worth the effort to pick it up all fiat currenc,positive
957,fiat sticker picshodl,neutral
958,muh stops,neutral
959,ability is what youre capable of doing motivation determines what you do and attitude determines how well you do,neutral
960,advice a weekend freewrite  shared via esteem surfer,neutral
961,we are at the start of a transition  within a few years the only payment system you will need for gaming and gambl,neutral
962,heres some financial knowledge amp my price is only a like or retweetbuy  amp  amp be patient,neutral
963,fantastic daily interest  with controlfinanceplease follow my journey at,positive
964,buy a swace crypto miner,neutral
965,hands up if you are  ing your,neutral
966,fiat sticker picsbanksonly,neutral
967,important milestone recently reached as we celebrate the 18th million btc to be mined,positive
968,mkt cap last hourdoge 2307mcro 1494mmkr 626539kbtc 242356mxrp 137430meth 742,neutral
969,top 5   alert time 20191020 044002 7964714 171765 0290,neutral
970,brings together all exchanges all tokens all news streams and all tools the platform is suitable for,positive
971,,neutral
972,bitcoin bites the bullet,neutral
973,iam platform curated tweetfacebooks cryptocurrency libra finding few friends in government banking industry,negative
974,bitcoin cash roundup adoption stories and new developments,positive
975,join to this project because will have a very great future,positive
976,the hardware bitcoin wallet get trezor now for only 89 eur    21,neutral
977,agsilverdojo amp    10xbittrader                      trade of the week trade like a pro or let me trade 4u  ema,neutral
978,free 300 gh cloud mining at gominer instant witdraw,positive
979,binance 4h btcusdt791127 rsi3576 stochrsi62327443 macd64547091 sma21797611 sma5081497,neutral
980,weak ethereum price may see 20 drop before breakout,negative
981,100 virtual currency leverage exchange,neutral
982,bounty thread1 like this twitter account2 retweet this post and reply with your altcoin fantasy username bel,neutral
983,these are the last 5 presidents of the central bank of indonesia the middle one is the current they already know,neutral
984,the low price do dont worry go for agricultural token and this one is based on agriculture nigeria project which h,neutral
985,el navegador tor reproduce el host para btcstealing malware,negative
986,swapzilla brings together all exchanges all tokens all newsstreams and all tools,neutral
987,the freedom of transacting  whenever whoever  and the endless amount you want banks can go to hell,positive
988,buy bitcoin with paypal also with cc paysafecard skrill okpay    21,neutral
989,is plan b,positive
990,hello humans as of sat oct 19 203014 cdt 2019 current  prices is 79721538 is 677,neutral
991,oct 20 2019 012900 utc  793060  710000  610940    btc,neutral
992,top 5   alert time 20191020 043004 7971401 171826 0290,neutral
993,one bitcoin now worth 7930577 market cap 142765 billion based on  bpi,neutral
994,one bitcoin now worth 791769 high 8096760 low 7875000 market cap 142533 billion,neutral
995,tv worldwide has just announced the launch of venture capital tv,neutral
996,i lost everything by hacking but i believe in a small possibility,negative
997,join tap 2 earn a site that lets you earn money with social media i earned 214 and you c,positive
998,htc exodus 1s offers full bitcoin node   btc,positive
999,alright which one of you is this   btc,neutral